,preds,labels
0,False,True
1,True,True
2,False,False
3,False,False
4,False,False
5,False,False
6,False,False
7,False,False
8,False,False
9,False,False
10,False,False
11,False,True
12,True,True
13,False,False
14,False,False
15,False,False
16,False,True
17,False,False
18,False,False
19,False,False
20,False,False
21,False,False
22,False,False
23,False,False
24,False,False
25,False,True
26,False,False
27,False,False
28,True,False
29,False,False
30,False,True
31,False,False
32,False,False
33,False,False
34,False,True
35,False,False
36,False,False
37,False,False
38,False,False
39,False,False
40,True,True
41,False,False
42,False,False
43,False,True
44,False,False
45,False,True
46,False,False
47,True,False
48,True,True
49,True,False
50,False,False
51,False,False
52,False,False
53,False,False
54,False,False
55,False,True
56,False,False
57,False,False
58,False,False
59,False,False
60,False,True
61,False,False
62,False,False
63,False,False
64,False,False
65,False,False
66,False,False
67,False,False
68,False,False
69,True,False
70,True,True
71,False,False
72,False,True
73,False,False
74,False,False
75,False,True
76,False,True
77,False,False
78,False,False
79,False,False
80,False,False
81,False,False
82,False,False
83,False,True
84,False,False
85,False,False
86,False,True
87,False,True
88,False,False
89,False,False
90,False,True
91,False,False
92,False,False
93,False,False
94,False,True
95,False,False
96,False,False
97,True,True
98,True,False
99,False,False
100,False,False
101,False,False
102,False,False
103,False,False
104,False,True
105,False,False
106,False,False
107,False,False
108,False,True
109,True,False
110,False,False
111,False,False
112,False,False
113,False,False
114,False,False
115,False,False
116,False,False
117,False,True
118,False,False
119,False,False
120,False,False
121,True,False
122,False,False
123,False,False
124,False,False
125,False,False
126,False,False
127,False,False
128,False,False
129,True,True
130,False,True
131,False,False
132,False,False
133,False,False
134,True,False
135,False,True
136,False,False
137,False,False
138,False,False
139,False,False
140,True,True
141,False,False
142,True,True
143,False,False
144,False,True
145,True,True
146,False,True
147,False,False
148,False,False
149,False,False
150,False,False
151,False,True
152,False,True
153,False,False
154,False,False
155,False,False
156,False,False
157,False,False
158,False,False
159,False,False
160,False,True
161,False,False
162,False,False
163,False,False
164,False,False
165,True,True
166,False,False
167,False,False
168,False,False
169,False,False
170,False,True
171,False,True
172,False,False
173,False,False
174,False,False
175,True,True
176,False,False
177,False,False
178,False,False
179,False,False
180,False,False
181,False,False
182,False,False
183,False,False
184,False,False
185,False,False
186,False,False
187,True,True
188,True,True
189,True,False
190,False,False
191,False,False
192,False,False
193,False,False
194,False,False
195,False,False
196,False,False
197,False,False
198,False,False
199,False,False
200,True,False
201,False,False
202,False,True
203,False,False
204,True,False
205,False,True
206,False,False
207,False,False
208,False,False
209,False,False
210,False,False
211,False,False
212,False,False
213,False,True
214,False,False
215,False,False
216,False,True
217,False,True
218,False,False
219,False,False
220,False,False
221,False,False
222,False,False
223,False,True
224,False,False
225,False,True
226,False,True
227,True,False
228,False,False
229,False,False
230,False,True
231,False,False
232,False,False
233,False,False
234,False,False
235,False,True
236,False,False
237,False,True
238,False,False
239,False,False
240,False,False
241,False,False
242,False,True
243,False,False
244,False,False
245,False,True
246,False,False
247,False,False
248,False,False
249,False,True
250,False,False
251,False,True
252,False,False
253,False,False
254,False,False
255,False,False
256,False,False
257,False,False
258,False,False
259,False,False
260,False,False
261,False,True
262,True,False
263,False,True
264,False,False
265,True,False
266,False,False
267,True,False
268,False,False
269,False,False
270,False,False
271,False,False
272,False,False
273,False,False
274,True,False
275,False,False
276,False,False
277,False,False
278,True,False
279,False,False
280,False,False
281,False,False
282,False,False
283,False,False
284,False,True
285,False,True
286,False,False
287,False,False
288,False,False
289,False,False
290,False,True
291,False,False
292,False,True
293,False,False
294,False,False
295,False,False
296,True,False
297,False,True
298,False,True
299,False,False
300,False,False
301,False,True
302,False,False
303,False,False
304,False,False
305,False,False
306,False,False
307,True,True
308,False,True
309,False,False
310,True,False
311,True,False
312,False,False
313,False,False
314,False,False
315,False,False
316,False,False
317,False,False
318,False,False
319,False,False
320,False,False
321,False,False
322,False,False
323,True,True
324,False,False
325,True,False
326,False,False
327,False,False
328,False,False
329,False,False
330,True,True
331,False,False
332,False,True
333,False,False
334,False,False
335,False,False
336,False,True
337,False,False
338,False,False
339,False,True
340,False,False
341,False,False
342,False,False
343,False,True
344,False,False
345,False,False
346,False,False
347,False,False
348,False,False
349,False,False
350,True,False
351,False,True
352,False,False
353,False,True
354,False,False
355,False,False
356,False,True
357,False,False
358,False,False
359,False,False
360,True,True
361,False,True
362,False,False
363,False,False
364,False,False
365,False,False
366,False,False
367,False,False
368,False,False
369,False,True
370,False,False
371,False,False
372,False,False
373,False,False
374,False,False
375,False,False
376,False,False
377,False,False
378,False,False
379,False,True
380,False,False
381,False,False
382,False,True
383,False,False
384,False,False
385,False,False
386,True,True
387,True,False
388,True,True
389,False,False
390,False,True
391,False,False
392,False,False
393,False,True
394,False,True
395,True,True
396,False,False
397,True,False
398,True,False
399,False,False
400,False,False
401,False,False
402,False,False
403,True,True
404,False,False
405,False,True
406,False,True
407,False,False
408,True,True
409,False,False
410,False,False
411,False,False
412,False,False
413,False,False
414,False,False
415,False,False
416,False,True
417,False,False
418,False,False
419,True,False
420,True,False
421,True,False
422,False,False
423,False,False
424,False,False
425,False,False
426,False,False
427,False,False
428,False,False
429,False,False
430,False,False
431,False,True
432,False,False
433,False,False
434,False,False
435,False,False
436,True,False
437,False,True
438,False,False
439,False,False
440,True,False
441,False,False
442,False,False
443,False,False
444,False,False
445,False,False
446,False,False
447,True,False
448,False,False
449,False,False
450,False,False
451,False,False
452,False,False
453,False,False
454,False,False
455,False,False
456,False,True
457,False,False
458,False,False
459,False,False
460,False,False
461,True,True
462,False,False
463,False,False
464,False,True
465,False,True
466,False,False
467,False,False
468,False,False
469,False,False
470,False,False
471,False,False
472,False,True
473,False,False
474,True,True
475,True,True
476,False,False
477,False,False
478,False,False
479,False,True
480,True,False
481,False,False
482,False,False
483,True,True
484,False,False
485,False,True
486,False,False
487,False,False
488,False,False
489,False,True
490,False,False
491,False,True
492,False,True
493,False,False
494,False,True
495,False,False
496,False,False
497,False,False
498,False,True
499,False,False
500,False,True
501,False,False
502,False,False
503,False,False
504,False,False
505,False,False
506,False,False
507,False,False
508,False,True
509,False,False
510,False,False
511,False,True
512,False,False
513,False,False
514,False,True
515,False,False
516,False,False
517,False,True
518,False,False
519,False,False
520,True,False
521,False,True
522,False,True
523,False,False
524,True,False
525,False,False
526,True,False
527,True,True
528,False,True
529,False,False
530,False,False
531,False,False
532,False,True
533,False,False
534,False,False
535,False,False
536,False,False
537,False,True
538,False,True
539,True,True
540,False,False
541,False,True
542,False,False
543,True,False
544,False,False
545,False,False
546,False,False
547,False,False
548,False,True
549,False,False
550,False,False
551,False,True
552,False,False
553,False,False
554,False,False
555,False,False
556,False,False
557,False,False
558,True,False
559,True,False
560,False,False
561,False,False
562,True,False
563,False,False
564,False,True
565,False,False
566,False,False
567,False,False
568,False,True
569,False,False
570,False,False
571,False,False
572,False,False
573,False,False
574,True,True
575,False,False
576,False,False
577,False,False
578,False,False
579,False,False
580,True,True
581,False,False
582,True,True
583,False,False
584,False,False
585,True,False
586,False,True
587,False,True
588,False,True
589,False,False
590,True,True
591,False,False
592,False,False
593,True,True
594,False,False
595,False,True
596,False,True
597,False,False
598,False,False
599,False,False
600,False,False
601,False,False
602,False,False
603,False,False
604,False,False
605,False,False
606,False,False
607,False,False
608,False,False
609,False,False
610,False,False
611,False,False
612,False,False
613,False,False
614,False,False
615,True,True
616,False,True
617,False,True
618,False,False
619,False,False
620,False,False
621,False,False
622,False,False
623,False,True
624,False,False
625,False,False
626,False,False
627,False,False
628,False,False
629,False,True
630,False,False
631,False,False
632,False,False
633,False,False
634,False,False
635,False,False
636,False,False
637,False,False
638,False,False
639,False,False
640,False,True
641,True,False
642,False,False
643,False,False
644,False,True
645,True,False
646,False,True
647,True,False
648,False,False
649,False,False
650,False,False
651,False,False
652,False,False
653,False,False
654,False,False
655,False,False
656,False,False
657,False,False
658,False,False
659,False,True
660,False,False
661,True,True
662,False,False
663,False,False
664,False,False
665,False,True
666,False,False
667,False,False
668,False,False
669,False,False
670,True,True
671,False,False
672,False,False
673,False,False
674,False,False
675,False,False
676,False,True
677,False,False
678,False,True
679,False,False
680,False,False
681,False,False
682,False,False
683,False,False
684,False,False
685,False,True
686,False,False
687,False,False
688,False,True
689,True,True
690,False,False
691,False,False
692,False,True
693,False,False
694,False,False
695,False,True
696,False,False
697,False,False
698,False,False
699,False,True
700,False,False
701,False,True
702,False,False
703,False,False
704,True,False
705,False,True
706,False,True
707,False,False
708,False,False
709,False,False
710,False,False
711,False,False
712,False,False
713,False,False
714,True,True
715,False,True
716,False,False
717,False,False
718,False,True
719,False,False
720,True,True
721,True,True
722,False,False
723,False,False
724,False,False
725,False,False
726,False,False
727,False,False
728,True,False
729,False,False
730,False,True
731,False,False
732,False,True
733,False,False
734,False,False
735,False,False
736,False,True
737,False,False
738,False,False
739,True,False
740,False,False
741,True,True
742,False,False
743,False,False
744,False,False
745,False,False
746,False,False
747,False,False
748,True,False
749,False,False
750,False,False
751,False,False
752,False,False
753,False,False
754,False,False
755,True,False
756,False,False
757,False,False
758,False,False
759,False,True
760,False,False
761,True,False
762,False,False
763,False,True
764,False,False
765,False,False
766,True,False
767,False,True
768,False,False
769,False,True
770,False,False
771,False,False
772,True,False
773,False,False
774,False,False
775,False,False
776,False,False
777,False,False
778,False,False
779,False,True
780,False,False
781,False,False
782,False,False
783,False,False
784,False,False
785,True,True
786,False,False
787,False,False
788,False,False
789,True,False
790,True,True
791,False,True
792,True,False
793,False,False
794,True,True
795,False,False
796,False,False
797,False,False
798,False,False
799,False,False
800,False,False
801,False,True
802,False,False
803,False,True
804,False,False
805,False,False
806,False,False
807,False,False
808,False,False
809,False,False
810,True,True
811,True,False
812,False,True
813,False,False
814,False,False
815,False,False
816,False,False
817,False,True
818,False,False
819,False,False
820,False,False
821,False,True
822,True,False
823,False,True
824,False,False
825,False,False
826,True,True
827,False,False
828,True,True
829,False,False
830,False,False
831,False,False
832,False,True
833,False,False
834,False,False
835,False,False
836,False,False
